id,name,glottocode,year,map_name_full,sources,note
1,Lule Saami (Forest Lule Saami),lule1254,traditional,LuleSaami_traditional_OGUL,"Sammallahti 1998: 21-22, Lehtiranta 1992, Omma 2019",
2,Lule Saami (Southern Lule Saami),lule1254,traditional,LuleSaami_traditional_OGUL,"Sammallahti 1998: 21-22, Lehtiranta 1992, Omma 2019",
3,Lule Saami (Central Lule Saami),lule1254,traditional,LuleSaami_traditional_OGUL,"Sammallahti 1998: 21-22, Lehtiranta 1992, Omma 2019",
4,Lule Saami (Northern Lule Saami),lule1254,traditional,LuleSaami_traditional_OGUL,"Sammallahti 1998: 21-22, Lehtiranta 1992, Omma 2019",
5,Lule Saami (Mixed Lule Saami),lule1254,traditional,LuleSaami_traditional_OGUL,"Sammallahti 1998: 21-22, Lehtiranta 1992, Omma 2019",
6,Lule Saami (Central Lule Saami),lule1254,traditional,LuleSaami_traditional_OGUL,"Sammallahti 1998: 21-22, Lehtiranta 1992, Omma 2019",
7,Forest Nenets,fore1274,traditional,ForestNenets_traditional_OGUL,"Verbov 1973, Soviet Census 1926, Svetlana Burkova (p.c.)",
8,Livonian,livv1244,traditional,Livonian_traditional_OGUL,"Tõnisson 1970, Boiko 1998",1900 AD
9,North Mansi,mans1258,traditional,NorthMansi_traditional_OGUL,"Zsirai 1937, Lytkin et al. 1976, Tamara Merova, Tat'jana Merova, Elena Skribnik & Ulla-Maija Forsberg (p.c.)",
10,Votic (Western Votic),voti1245,traditional,Votic_traditional_OGUL,"Trefurt 1785, Köppen 1867, Laanest 1966, Vadja keele sõnaraamat 2013",
11,Votic (Eastern Votic),voti1245,traditional,Votic_traditional_OGUL,"Trefurt 1785, Köppen 1867, Laanest 1966, Vadja keele sõnaraamat 2013",
12,Votic (Kukkuzi Votic),voti1245,traditional,Votic_traditional_OGUL,"Trefurt 1785, Köppen 1867, Laanest 1966, Vadja keele sõnaraamat 2013",
13,Northern Selkup (Upper-Taz dialect),selk1253,traditional,NorthernSelkup_traditional_OGUL,"Tučkova et al. 2004, Grünthal & Salminen 1993, Olga Kazakevich (p.c.)",
14,Northern Selkup (Upper-Tolka dialect),selk1253,traditional,NorthernSelkup_traditional_OGUL,"Tučkova et al. 2004, Grünthal & Salminen 1993, Olga Kazakevich (p.c.)",
15,Northern Selkup (Middle-Taz dialect),selk1253,traditional,NorthernSelkup_traditional_OGUL,"Tučkova et al. 2004, Grünthal & Salminen 1993, Olga Kazakevich (p.c.)",
16,Northern Selkup (Baikha dialect),selk1253,traditional,NorthernSelkup_traditional_OGUL,"Tučkova et al. 2004, Grünthal & Salminen 1993, Olga Kazakevich (p.c.)",
17,Northern Selkup (Karasino dialect),selk1253,traditional,NorthernSelkup_traditional_OGUL,"Tučkova et al. 2004, Grünthal & Salminen 1993, Olga Kazakevich (p.c.)",
18,Northern Selkup (Yelogui dialect),selk1253,traditional,NorthernSelkup_traditional_OGUL,"Tučkova et al. 2004, Grünthal & Salminen 1993, Olga Kazakevich (p.c.)",
19,Ingrian (Lower Luga Ingrian),ingr1248,traditional,Ingrian_traditional_OGUL,"Trefurt 1785, Köppen 1867, Laanest 1966, Vadja keele sõnaraamat 2013",
20,Ingrian (Lower Luga Ingrian),ingr1248,traditional,Ingrian_traditional_OGUL,"Trefurt 1785, Köppen 1867, Laanest 1966, Vadja keele sõnaraamat 2013",
21,Ingrian (Lower Luga Ingrian),ingr1248,traditional,Ingrian_traditional_OGUL,"Trefurt 1785, Köppen 1867, Laanest 1966, Vadja keele sõnaraamat 2013",
22,Ingrian (Soikkola Ingrian),ingr1248,traditional,Ingrian_traditional_OGUL,"Trefurt 1785, Köppen 1867, Laanest 1966, Vadja keele sõnaraamat 2013",
23,Ingrian (Soikkola Ingrian),ingr1248,traditional,Ingrian_traditional_OGUL,"Trefurt 1785, Köppen 1867, Laanest 1966, Vadja keele sõnaraamat 2013",
24,Ingrian (Oredeži Ingrian),ingr1248,traditional,Ingrian_traditional_OGUL,"Trefurt 1785, Köppen 1867, Laanest 1966, Vadja keele sõnaraamat 2013",
25,Ingrian (Hevaha Ingrian),ingr1248,traditional,Ingrian_traditional_OGUL,"Trefurt 1785, Köppen 1867, Laanest 1966, Vadja keele sõnaraamat 2013",
26,Ingrian (Hevaha Ingrian),ingr1248,traditional,Ingrian_traditional_OGUL,"Trefurt 1785, Köppen 1867, Laanest 1966, Vadja keele sõnaraamat 2013",
27,Ingrian (Hevaha Ingrian),ingr1248,traditional,Ingrian_traditional_OGUL,"Trefurt 1785, Köppen 1867, Laanest 1966, Vadja keele sõnaraamat 2013",
28,Ingrian (Hevaha Ingrian),ingr1248,traditional,Ingrian_traditional_OGUL,"Trefurt 1785, Köppen 1867, Laanest 1966, Vadja keele sõnaraamat 2013",
29,Ingrian (Hevaha Ingrian),ingr1248,traditional,Ingrian_traditional_OGUL,"Trefurt 1785, Köppen 1867, Laanest 1966, Vadja keele sõnaraamat 2013",
30,Ingrian (Hevaha Ingrian),ingr1248,traditional,Ingrian_traditional_OGUL,"Trefurt 1785, Köppen 1867, Laanest 1966, Vadja keele sõnaraamat 2013",
31,Ingrian (Hevaha Ingrian),ingr1248,traditional,Ingrian_traditional_OGUL,"Trefurt 1785, Köppen 1867, Laanest 1966, Vadja keele sõnaraamat 2013",
32,Nganasan,ngan1291,traditional,Nganasan_traditional_OGUL,"Dolgix 1963, Popov 1948, Brykina & Gusev 2015, Wagner-Nagy 2018: 3",
33,North Estonian (Island dialects),esto1258,traditional,NorthEstonian_traditional_OGUL,"Eesti murrete sõnaraamat 1994, Pajusalu et al. 2020",
34,North Estonian (Western dialects),esto1258,traditional,NorthEstonian_traditional_OGUL,"Eesti murrete sõnaraamat 1994, Pajusalu et al. 2020",
35,North Estonian (Central dialects),esto1258,traditional,NorthEstonian_traditional_OGUL,"Eesti murrete sõnaraamat 1994, Pajusalu et al. 2020",
36,North Estonian (Eastern dialects),esto1258,traditional,NorthEstonian_traditional_OGUL,"Eesti murrete sõnaraamat 1994, Pajusalu et al. 2020",
37,North Estonian (Northeastern coastal dialects),esto1258,traditional,NorthEstonian_traditional_OGUL,"Eesti murrete sõnaraamat 1994, Pajusalu et al. 2020",
38,Forest Enets,fore1265,traditional,ForestEnets_traditional_OGUL,"Dolgix & Fajnberg 1960, Dolgix 1963, Siegl 2013, Florian Siegl (p.c.)",
39,Tundra Enets,tund1254,traditional,TundraEnets_traditional_OGUL,"Dolgix & Fajnberg 1960, Dolgix 1963, Siegl 2013, Florian Siegl (p.c.)",
40,Skolt Saami (Northern Skolt Saami),skol1241,traditional,SkoltSaami_traditional_OGUL,"Itkonen 1948, Mustonen & Mustonen 2011, Pennanen & Näkkäläjärvi 2000, Linkola & Linkola 2000, Markus Juutinen & Taarna Valtonen (p.c)",Neiden
41,Skolt Saami (Northern Skolt Saami),skol1241,traditional,SkoltSaami_traditional_OGUL,"Itkonen 1948, Mustonen & Mustonen 2011, Pennanen & Näkkäläjärvi 2000, Linkola & Linkola 2000, Markus Juutinen & Taarna Valtonen (p.c)",Paatsjoki
42,Skolt Saami (Northern Skolt Saami),skol1241,traditional,SkoltSaami_traditional_OGUL,"Itkonen 1948, Mustonen & Mustonen 2011, Pennanen & Näkkäläjärvi 2000, Linkola & Linkola 2000, Markus Juutinen & Taarna Valtonen (p.c)",Paatsjoki
43,Skolt Saami (Northern Skolt Saami),skol1241,traditional,SkoltSaami_traditional_OGUL,"Itkonen 1948, Mustonen & Mustonen 2011, Pennanen & Näkkäläjärvi 2000, Linkola & Linkola 2000, Markus Juutinen & Taarna Valtonen (p.c)",Paatsjoki
44,Skolt Saami (Southern Skolt Saami),skol1241,traditional,SkoltSaami_traditional_OGUL,"Itkonen 1948, Mustonen & Mustonen 2011, Pennanen & Näkkäläjärvi 2000, Linkola & Linkola 2000, Markus Juutinen & Taarna Valtonen (p.c)",Suonikylä
45,Skolt Saami (Southern Skolt Saami),skol1241,traditional,SkoltSaami_traditional_OGUL,"Itkonen 1948, Mustonen & Mustonen 2011, Pennanen & Näkkäläjärvi 2000, Linkola & Linkola 2000, Markus Juutinen & Taarna Valtonen (p.c)",Nuortijärvi
46,Skolt Saami (Southern Skolt Saami),skol1241,traditional,SkoltSaami_traditional_OGUL,"Itkonen 1948, Mustonen & Mustonen 2011, Pennanen & Näkkäläjärvi 2000, Linkola & Linkola 2000, Markus Juutinen & Taarna Valtonen (p.c)",Nuortijärvi
47,South Khanty (Irtysh Khanty),sout3226,traditional,SouthKhanty_traditional_OGUL,"Zsirai 1937, Lytkin et al. 1976, Mária Sipos & Zsófia Schön (p.c.)",
48,South Khanty (Irtysh Khanty),sout3226,traditional,SouthKhanty_traditional_OGUL,"Zsirai 1937, Lytkin et al. 1976, Mária Sipos & Zsófia Schön (p.c.)",
49,South Khanty (Irtysh Khanty),sout3226,traditional,SouthKhanty_traditional_OGUL,"Zsirai 1937, Lytkin et al. 1976, Mária Sipos & Zsófia Schön (p.c.)",
50,South Khanty (Irtysh Khanty),sout3226,traditional,SouthKhanty_traditional_OGUL,"Zsirai 1937, Lytkin et al. 1976, Mária Sipos & Zsófia Schön (p.c.)",
51,Komi-Zyrian,komi1268,traditional,KomiZyrian_traditional_OGUL,"Lytkin 1962, Tepljašina & Lytkin 1976, Komi jazyk 1998",
52,Komi-Zyrian,komi1268,traditional,KomiZyrian_traditional_OGUL,"Lytkin 1962, Tepljašina & Lytkin 1976, Komi jazyk 1998",
53,Komi-Zyrian,komi1268,traditional,KomiZyrian_traditional_OGUL,"Lytkin 1962, Tepljašina & Lytkin 1976, Komi jazyk 1998",
54,Komi-Yazva,komi1277,traditional,KomiYazva_traditional_OGUL,"Lytkin 1962, Tepljašina & Lytkin 1976, Komi jazyk 1998",
55,Ludic (Northern Ludic),ludi1246,traditional,Ludic_traditional_OGUL,"Nissilä 1967, Virtaranta 1967, Barancev 1978, Pahomov 2017, Sarhimaa 2017, Palander et al. 2018",
56,Ludic (Southern Ludic),ludi1246,traditional,Ludic_traditional_OGUL,"Nissilä 1967, Virtaranta 1967, Barancev 1978, Pahomov 2017, Sarhimaa 2017, Palander et al. 2018",
57,North-Western Mari,yara1249,traditional,NWMari_traditional_OGUL,"Ivanov 1981, Sepeev 1975",
58,North-Western Mari,yara1249,traditional,NWMari_traditional_OGUL,"Ivanov 1981, Sepeev 1975",
59,North-Western Mari,yara1249,traditional,NWMari_traditional_OGUL,"Ivanov 1981, Sepeev 1975",
60,North Saami (Torne dialect),nort2671,traditional,NorthSaami_traditional_OGUL,"Sammallahti 1998, Ante Aikio & Jussi Ylikoski (p.c.)",
61,North Saami (Torne dialect),nort2671,traditional,NorthSaami_traditional_OGUL,"Sammallahti 1998, Ante Aikio & Jussi Ylikoski (p.c.)",
62,North Saami (Western Inland dialect),nort2671,traditional,NorthSaami_traditional_OGUL,"Sammallahti 1998, Ante Aikio &  Jussi Ylikoski (p.c.)",
63,North Saami (Eastern Inland dialect),nort2671,traditional,NorthSaami_traditional_OGUL,"Sammallahti 1998, Ante Aikio &  Jussi Ylikoski (p.c.)",
64,North Saami (Torne dialect),nort2671,traditional,NorthSaami_traditional_OGUL,"Sammallahti 1998, Ante Aikio &  Jussi Ylikoski (p.c.)",
65,North Saami (Sea dialect),nort2671,traditional,NorthSaami_traditional_OGUL,"Sammallahti 1998, Ante Aikio &  Jussi Ylikoski (p.c.)",
66,North Saami (Western Inland dialect),nort2671,traditional,NorthSaami_traditional_OGUL,"Sammallahti 1998, Ante Aikio &  Jussi Ylikoski (p.c.)",
67,North Saami (Eastern Inland dialect),nort2671,traditional,NorthSaami_traditional_OGUL,"Sammallahti 1998, Ante Aikio &  Jussi Ylikoski (p.c.)",
68,North Saami (Torne dialect),nort2671,traditional,NorthSaami_traditional_OGUL,"Sammallahti 1998, Ante Aikio &  Jussi Ylikoski (p.c.)",
69,North Saami (Sea dialect),nort2671,traditional,NorthSaami_traditional_OGUL,"Sammallahti 1998, Ante Aikio &  Jussi Ylikoski (p.c.)",
70,North Saami (Western Inland dialect),nort2671,traditional,NorthSaami_traditional_OGUL,"Sammallahti 1998, Ante Aikio &  Jussi Ylikoski (p.c.)",
71,North Saami (Eastern Inland dialect),nort2671,traditional,NorthSaami_traditional_OGUL,"Sammallahti 1998, Ante Aikio &  Jussi Ylikoski (p.c.)",
72,Meadow Mari,gras1239,traditional,MeadowMari_traditional_OGUL,"Ivanov 1981, Sepeev 1975",
73,Finnish (Southwestern dialects),finn1318,traditional,Finnish_traditional_OGUL,Grünthal & Sarhimaa 2004/2012,
74,Finnish (Tavastian dialects),finn1318,traditional,Finnish_traditional_OGUL,Grünthal & Sarhimaa 2004/2012,
75,Finnish (Southern Ostrobothnian dialects),finn1318,traditional,Finnish_traditional_OGUL,Grünthal & Sarhimaa 2004/2012,
76,Finnish (Mid- and Northern Ostrobothnian dialects),finn1318,traditional,Finnish_traditional_OGUL,Grünthal & Sarhimaa 2004/2012,
77,Finnish (Far-Northern dialects),finn1318,traditional,Finnish_traditional_OGUL,Grünthal & Sarhimaa 2004/2012,
78,Finnish (Far-Northern dialects),finn1318,traditional,Finnish_traditional_OGUL,Grünthal & Sarhimaa 2004/2012,Meänkieli
79,Finnish (Savonian dialects),finn1318,traditional,Finnish_traditional_OGUL,Grünthal & Sarhimaa 2004/2012,
80,Finnish (Southeastern dialects),finn1318,traditional,Finnish_traditional_OGUL,Grünthal & Sarhimaa 2004/2012,
81,Finnish (Southeastern dialects),finn1318,traditional,Finnish_traditional_OGUL,Grünthal & Sarhimaa 2004/2012,
82,Finnish (Southeastern dialects),finn1318,traditional,Finnish_traditional_OGUL,Grünthal & Sarhimaa 2004/2012,
83,Finnish (Southeastern dialects),finn1318,traditional,Finnish_traditional_OGUL,Grünthal & Sarhimaa 2004/2012,
84,Finnish (Southeastern dialects),finn1318,traditional,Finnish_traditional_OGUL,Grünthal & Sarhimaa 2004/2012,
85,Finnish (Savonian dialects),finn1318,traditional,Finnish_traditional_OGUL,Grünthal & Sarhimaa 2004/2012,Värmland Finnish
86,Finnish (Far-Northern dialects),finn1318,traditional,Finnish_traditional_OGUL,Grünthal & Sarhimaa 2004/2012,Kven Finnish
87,Finnish (Far-Northern dialects),finn1318,traditional,Finnish_traditional_OGUL,Grünthal & Sarhimaa 2004/2012,Kven Finnish
88,Finnish (Far-Northern dialects),finn1318,traditional,Finnish_traditional_OGUL,Grünthal & Sarhimaa 2004/2012,Kven Finnish
89,Finnish (Far-Northern dialects),finn1318,traditional,Finnish_traditional_OGUL,Grünthal & Sarhimaa 2004/2012,Kven Finnish
90,Finnish (Far-Northern dialects),finn1318,traditional,Finnish_traditional_OGUL,Grünthal & Sarhimaa 2004/2012,Kven Finnish
91,Finnish (Far-Northern dialects),finn1318,traditional,Finnish_traditional_OGUL,Grünthal & Sarhimaa 2004/2012,Kven Finnish
92,Finnish (Far-Northern dialects),finn1318,traditional,Finnish_traditional_OGUL,Grünthal & Sarhimaa 2004/2012,Kven Finnish
93,Finnish (Far-Northern dialects),finn1318,traditional,Finnish_traditional_OGUL,Grünthal & Sarhimaa 2004/2012,Kven Finnish
94,Finnish (Far-Northern dialects),finn1318,traditional,Finnish_traditional_OGUL,Grünthal & Sarhimaa 2004/2012,Kven Finnish
95,Finnish (Southeastern dialects),finn1318,traditional,Finnish_traditional_OGUL,Grünthal & Sarhimaa 2004/2012,
96,Finnish (Southeastern dialects),finn1318,traditional,Finnish_traditional_OGUL,Grünthal & Sarhimaa 2004/2012,
97,Finnish (Southeastern dialects),finn1318,traditional,Finnish_traditional_OGUL,Grünthal & Sarhimaa 2004/2012,
98,Finnish (Southeastern dialects),finn1318,traditional,Finnish_traditional_OGUL,Grünthal & Sarhimaa 2004/2012,
99,Ume Saami (Western Ume Saami),umes1235,traditional,UmeSaami_traditional_OGUL,"Hasselbrink 1981–1985, Rydving 2008: 360–361, Rydving 2016, Maja Lisa Kappfjell  & Jussi Ylikoski (p.c.)",
100,Ume Saami (Northern Ume Saami),umes1235,traditional,UmeSaami_traditional_OGUL,"Hasselbrink 1981–1985, Rydving 2008: 360–361, Rydving 2016, Maja Lisa Kappfjell & Jussi Ylikoski (p.c.)",
101,Ume Saami (Central Ume Saami),umes1235,traditional,UmeSaami_traditional_OGUL,"Hasselbrink 1981–1985, Rydving 2008: 360–361, Rydving 2016, Maja Lisa Kappfjell & Jussi Ylikoski (p.c.)",
102,Kildin Saami,kild1236,traditional,KildinSaami_traditional_OGUL,"Mustonen & Mustonen 2011: 215, Sammallahti 1998",
103,South Saami (Central South Saami),sout2674,traditional,SouthSaami_traditional_OGUL,"Hasselbrink 1981–1985, Rydving 2008: 360–361, Rydving 2016, Maja Lisa Kappfjell & Jussi Ylikoski (p.c.)",
104,South Saami (Southern South Saami),sout2674,traditional,SouthSaami_traditional_OGUL,"Hasselbrink 1981–1985, Rydving 2008: 360–361, Rydving 2016, Maja Lisa Kappfjell & Jussi Ylikoski (p.c.)",
105,South Saami (Central South Saami),sout2674,traditional,SouthSaami_traditional_OGUL,"Hasselbrink 1981–1985, Rydving 2008: 360–361, Rydving 2016, Maja Lisa Kappfjell & Jussi Ylikoski (p.c.)",
106,South Saami (Northern South Saami),sout2674,traditional,SouthSaami_traditional_OGUL,"Hasselbrink 1981–1985, Rydving 2008: 360–361, Rydving 2016, Maja Lisa Kappfjell & Jussi Ylikoski (p.c.)",
107,Komi (Izhma dialect group),izhm1234,traditional,Komi_traditional_OGUL,Tepljašina & Lytkin 1976,
108,Komi (Vychegda dialect group),cent2400,traditional,Komi_traditional_OGUL,Tepljašina & Lytkin 1976,
109,Komi (Kosa-Sysola dialect group),sout3379,traditional,Komi_traditional_OGUL,Tepljašina & Lytkin 1976,
110,Komi (Kosa-Sysola dialect group),sout3379,traditional,Komi_traditional_OGUL,Tepljašina & Lytkin 1976,
111,Komi (Kosa-Sysola dialect group),sout3379,traditional,Komi_traditional_OGUL,Tepljašina & Lytkin 1976,
112,Komi (Kosa-Sysola dialect group),sout3379,traditional,Komi_traditional_OGUL,Tepljašina & Lytkin 1976,
113,Komi (Inva dialect group),komi1267,traditional,Komi_traditional_OGUL,Tepljašina & Lytkin 1976,
114,Komi (Izhma dialect group),izhm1234,traditional,Komi_traditional_OGUL,Tepljašina & Lytkin 1976,
115,Komi (Izhma dialect group),izhm1234,traditional,Komi_traditional_OGUL,Tepljašina & Lytkin 1976,
116,Erzya,erzy1239,traditional,ErzyaMoksha_traditional_OGUL,"Feoktistov 1990, Bartens 1999",
117,Moksha,moks1248,traditional,ErzyaMoksha_traditional_OGUL,"Feoktistov 1990, Bartens 1999",
118,Erzya,erzy1239,traditional,ErzyaMoksha_traditional_OGUL,"Feoktistov 1990, Bartens 1999",
119,Moksha,moks1248,traditional,ErzyaMoksha_traditional_OGUL,"Feoktistov 1990, Bartens 1999",
120,Erzya,erzy1239,traditional,ErzyaMoksha_traditional_OGUL,"Feoktistov 1990, Bartens 1999",
121,Moksha,moks1248,traditional,ErzyaMoksha_traditional_OGUL,"Feoktistov 1990, Bartens 1999",
122,Erzya,erzy1239,traditional,ErzyaMoksha_traditional_OGUL,"Feoktistov 1990, Bartens 1999",
123,Moksha,moks1248,traditional,ErzyaMoksha_traditional_OGUL,"Feoktistov 1990, Bartens 1999",
124,Erzya,erzy1239,traditional,ErzyaMoksha_traditional_OGUL,"Feoktistov 1990, Bartens 1999",
125,Moksha,moks1248,traditional,ErzyaMoksha_traditional_OGUL,"Feoktistov 1990, Bartens 1999",
126,Erzya,erzy1239,traditional,ErzyaMoksha_traditional_OGUL,"Feoktistov 1990, Bartens 1999",
127,Moksha,moks1248,traditional,ErzyaMoksha_traditional_OGUL,"Feoktistov 1990, Bartens 1999",
128,Erzya,erzy1239,traditional,ErzyaMoksha_traditional_OGUL,"Feoktistov 1990, Bartens 1999",
129,Moksha,moks1248,traditional,ErzyaMoksha_traditional_OGUL,"Feoktistov 1990, Bartens 1999",
130,Erzya,erzy1239,traditional,ErzyaMoksha_traditional_OGUL,"Feoktistov 1990, Bartens 1999",
131,Moksha,moks1248,traditional,ErzyaMoksha_traditional_OGUL,"Feoktistov 1990, Bartens 1999",
132,Erzya,erzy1239,traditional,ErzyaMoksha_traditional_OGUL,"Feoktistov 1990, Bartens 1999",
133,Moksha,moks1248,traditional,ErzyaMoksha_traditional_OGUL,"Feoktistov 1990, Bartens 1999",
134,Erzya,erzy1239,traditional,ErzyaMoksha_traditional_OGUL,"Feoktistov 1990, Bartens 1999",
135,Moksha,moks1248,traditional,ErzyaMoksha_traditional_OGUL,"Feoktistov 1990, Bartens 1999",
136,Tomsk region Selkup (Central Selkup),selk1253,traditional,TomskregionSelkup_traditional_OGUL,"Tučkova et al. 2004, Grünthal & Salminen 1993, Olga Kazakevich (p.c.)",
137,Tomsk region Selkup (Central Selkup),selk1253,traditional,TomskregionSelkup_traditional_OGUL,"Tučkova et al. 2004, Grünthal & Salminen 1993, Olga Kazakevich (p.c.)",
138,Tomsk region Selkup (Ket' Selkup),selk1253,traditional,TomskregionSelkup_traditional_OGUL,"Tučkova et al. 2004, Grünthal & Salminen 1993, Olga Kazakevich (p.c.)",
139,Tomsk region Selkup (Ket' Selkup),selk1253,traditional,TomskregionSelkup_traditional_OGUL,"Tučkova et al. 2004, Grünthal & Salminen 1993, Olga Kazakevich (p.c.)",
140,Tomsk region Selkup (Southern Selkup),selk1253,traditional,TomskregionSelkup_traditional_OGUL,"Tučkova et al. 2004, Grünthal & Salminen 1993, Olga Kazakevich (p.c.)",Čaja dialect
141,Tomsk region Selkup (Southern Selkup),selk1253,traditional,TomskregionSelkup_traditional_OGUL,"Tučkova et al. 2004, Grünthal & Salminen 1993, Olga Kazakevich (p.c.)",Middle Ob' dialect
142,Udmurt (Northern Udmurt),udmu1245,traditional,Udmurt_traditional_OGUL,"Maksimov 2001, Maksimov 2009, Sergej Maksimov (p.c.)",
143,Udmurt (Northern Udmurt),udmu1245,traditional,Udmurt_traditional_OGUL,"Maksimov 2001, Maksimov 2009, Sergej Maksimov (p.c.)",
144,Udmurt (Northern Udmurt),udmu1245,traditional,Udmurt_traditional_OGUL,"Maksimov 2001, Maksimov 2009, Sergej Maksimov (p.c.)",
145,Udmurt (Central Udmurt),udmu1245,traditional,Udmurt_traditional_OGUL,"Maksimov 2001, Maksimov 2009, Sergej Maksimov (p.c.)",
146,Udmurt (Central Udmurt),udmu1245,traditional,Udmurt_traditional_OGUL,"Maksimov 2001, Maksimov 2009, Sergej Maksimov (p.c.)",
147,Udmurt (Southern Udmurt),udmu1245,traditional,Udmurt_traditional_OGUL,"Maksimov 2001, Maksimov 2009, Sergej Maksimov (p.c.)",
148,Udmurt (Southern Udmurt),udmu1245,traditional,Udmurt_traditional_OGUL,"Maksimov 2001, Maksimov 2009, Sergej Maksimov (p.c.)",
149,Udmurt (Southern Udmurt),udmu1245,traditional,Udmurt_traditional_OGUL,"Maksimov 2001, Maksimov 2009, Sergej Maksimov (p.c.)",
150,Udmurt (Southern Udmurt),udmu1245,traditional,Udmurt_traditional_OGUL,"Maksimov 2001, Maksimov 2009, Sergej Maksimov (p.c.)",
151,Udmurt (Southern Udmurt),udmu1245,traditional,Udmurt_traditional_OGUL,"Maksimov 2001, Maksimov 2009, Sergej Maksimov (p.c.)",
152,Udmurt (Southern Udmurt),udmu1245,traditional,Udmurt_traditional_OGUL,"Maksimov 2001, Maksimov 2009, Sergej Maksimov (p.c.)",
153,Udmurt (Southern Udmurt),udmu1245,traditional,Udmurt_traditional_OGUL,"Maksimov 2001, Maksimov 2009, Sergej Maksimov (p.c.)",
154,Udmurt (Southern Udmurt),udmu1245,traditional,Udmurt_traditional_OGUL,"Maksimov 2001, Maksimov 2009, Sergej Maksimov (p.c.)",
155,Udmurt (Southern Udmurt),udmu1245,traditional,Udmurt_traditional_OGUL,"Maksimov 2001, Maksimov 2009, Sergej Maksimov (p.c.)",
156,Udmurt (Southern Udmurt),udmu1245,traditional,Udmurt_traditional_OGUL,"Maksimov 2001, Maksimov 2009, Sergej Maksimov (p.c.)",
157,Udmurt (Southern Udmurt),udmu1245,traditional,Udmurt_traditional_OGUL,"Maksimov 2001, Maksimov 2009, Sergej Maksimov (p.c.)",
158,Udmurt (Southern Udmurt),udmu1245,traditional,Udmurt_traditional_OGUL,"Maksimov 2001, Maksimov 2009, Sergej Maksimov (p.c.)",
159,Udmurt (Southern Udmurt),udmu1245,traditional,Udmurt_traditional_OGUL,"Maksimov 2001, Maksimov 2009, Sergej Maksimov (p.c.)",
160,Udmurt (Southern Udmurt),udmu1245,traditional,Udmurt_traditional_OGUL,"Maksimov 2001, Maksimov 2009, Sergej Maksimov (p.c.)",
161,Udmurt (Southern Udmurt),udmu1245,traditional,Udmurt_traditional_OGUL,"Maksimov 2001, Maksimov 2009, Sergej Maksimov (p.c.)",
162,Udmurt (Southern Udmurt),udmu1245,traditional,Udmurt_traditional_OGUL,"Maksimov 2001, Maksimov 2009, Sergej Maksimov (p.c.)",
163,Udmurt (Besserman Udmurt),udmu1245,traditional,Udmurt_traditional_OGUL,"Maksimov 2001, Maksimov 2009, Sergej Maksimov (p.c.)",
164,Udmurt (Besserman Udmurt),udmu1245,traditional,Udmurt_traditional_OGUL,"Maksimov 2001, Maksimov 2009, Sergej Maksimov (p.c.)",
165,Udmurt (Besserman Udmurt),udmu1245,traditional,Udmurt_traditional_OGUL,"Maksimov 2001, Maksimov 2009, Sergej Maksimov (p.c.)",
166,Udmurt (Besserman Udmurt),udmu1245,traditional,Udmurt_traditional_OGUL,"Maksimov 2001, Maksimov 2009, Sergej Maksimov (p.c.)",
167,Udmurt (Southern Udmurt),udmu1245,traditional,Udmurt_traditional_OGUL,"Maksimov 2001, Maksimov 2009, Sergej Maksimov (p.c.)",
168,Udmurt (Southern Udmurt),udmu1245,traditional,Udmurt_traditional_OGUL,"Maksimov 2001, Maksimov 2009, Sergej Maksimov (p.c.)",
169,Udmurt (Southern Udmurt),udmu1245,traditional,Udmurt_traditional_OGUL,"Maksimov 2001, Maksimov 2009, Sergej Maksimov (p.c.)",
170,Udmurt (Southern Udmurt),udmu1245,traditional,Udmurt_traditional_OGUL,"Maksimov 2001, Maksimov 2009, Sergej Maksimov (p.c.)",
171,Udmurt (Southern Udmurt),udmu1245,traditional,Udmurt_traditional_OGUL,"Maksimov 2001, Maksimov 2009, Sergej Maksimov (p.c.)",
172,Udmurt (Southern Udmurt),udmu1245,traditional,Udmurt_traditional_OGUL,"Maksimov 2001, Maksimov 2009, Sergej Maksimov (p.c.)",
173,Udmurt (Northern Udmurt),udmu1245,traditional,Udmurt_traditional_OGUL,"Maksimov 2001, Maksimov 2009, Sergej Maksimov (p.c.)",
174,Udmurt (Northern Udmurt),udmu1245,traditional,Udmurt_traditional_OGUL,"Maksimov 2001, Maksimov 2009, Sergej Maksimov (p.c.)",
175,Udmurt (Northern Udmurt),udmu1245,traditional,Udmurt_traditional_OGUL,"Maksimov 2001, Maksimov 2009, Sergej Maksimov (p.c.)",
176,Kamas,kama1351,traditional,KamasMator_traditional_OGUL,"Castrén 1856, Dolgix 1960, Helimski 1997, Helimski 1999, Joki 1944, Katz 1980, Tugarinov 1926",
177,Mator,mato1250,traditional,KamasMator_traditional_OGUL,"Castrén 1856, Dolgix 1960, Helimski 1997, Helimski 1999, Joki 1944, Katz 1980, Tugarinov 1926",
178,Karelian (Viena Karelian),kare1335,traditional,Karelian_traditional_OGUL,"Nissilä 1967, Virtaranta 1967, Barancev 1978, Pahomov 2017, Sarhimaa 2017, Palander et al. 2018",
179,Karelian (Viena Karelian),kare1335,traditional,Karelian_traditional_OGUL,"Nissilä 1967, Virtaranta 1967, Barancev 1978, Pahomov 2017, Sarhimaa 2017, Palander et al. 2018",
180,Karelian (Viena Karelian),kare1335,traditional,Karelian_traditional_OGUL,"Nissilä 1967, Virtaranta 1967, Barancev 1978, Pahomov 2017, Sarhimaa 2017, Palander et al. 2018",
181,Karelian (Viena Karelian),kare1335,traditional,Karelian_traditional_OGUL,"Nissilä 1967, Virtaranta 1967, Barancev 1978, Pahomov 2017, Sarhimaa 2017, Palander et al. 2018",
182,Karelian (Viena Karelian),kare1335,traditional,Karelian_traditional_OGUL,"Nissilä 1967, Virtaranta 1967, Barancev 1978, Pahomov 2017, Sarhimaa 2017, Palander et al. 2018",
183,Karelian (Viena Karelian),kare1335,traditional,Karelian_traditional_OGUL,"Nissilä 1967, Virtaranta 1967, Barancev 1978, Pahomov 2017, Sarhimaa 2017, Palander et al. 2018",
184,Karelian (Viena Karelian),kare1335,traditional,Karelian_traditional_OGUL,"Nissilä 1967, Virtaranta 1967, Barancev 1978, Pahomov 2017, Sarhimaa 2017, Palander et al. 2018",
185,Karelian (Viena Karelian),kare1335,traditional,Karelian_traditional_OGUL,"Nissilä 1967, Virtaranta 1967, Barancev 1978, Pahomov 2017, Sarhimaa 2017, Palander et al. 2018",
186,Karelian (Viena Karelian),kare1335,traditional,Karelian_traditional_OGUL,"Nissilä 1967, Virtaranta 1967, Barancev 1978, Pahomov 2017, Sarhimaa 2017, Palander et al. 2018",
187,Karelian (Viena Karelian),kare1335,traditional,Karelian_traditional_OGUL,"Nissilä 1967, Virtaranta 1967, Barancev 1978, Pahomov 2017, Sarhimaa 2017, Palander et al. 2018",
188,Karelian (Viena Karelian),kare1335,traditional,Karelian_traditional_OGUL,"Nissilä 1967, Virtaranta 1967, Barancev 1978, Pahomov 2017, Sarhimaa 2017, Palander et al. 2018",
189,Karelian (Viena Karelian),kare1335,traditional,Karelian_traditional_OGUL,"Nissilä 1967, Virtaranta 1967, Barancev 1978, Pahomov 2017, Sarhimaa 2017, Palander et al. 2018",
190,Karelian (South Karelian),kare1335,traditional,Karelian_traditional_OGUL,"Nissilä 1967, Virtaranta 1967, Barancev 1978, Pahomov 2017, Sarhimaa 2017, Palander et al. 2018",
191,Karelian (South Karelian),kare1335,traditional,Karelian_traditional_OGUL,"Nissilä 1967, Virtaranta 1967, Barancev 1978, Pahomov 2017, Sarhimaa 2017, Palander et al. 2018",
192,Karelian (South Karelian),kare1335,traditional,Karelian_traditional_OGUL,"Nissilä 1967, Virtaranta 1967, Barancev 1978, Pahomov 2017, Sarhimaa 2017, Palander et al. 2018",
193,Karelian (South Karelian),kare1335,traditional,Karelian_traditional_OGUL,"Nissilä 1967, Virtaranta 1967, Barancev 1978, Pahomov 2017, Sarhimaa 2017, Palander et al. 2018",
194,Karelian (South Karelian),kare1335,traditional,Karelian_traditional_OGUL,"Nissilä 1967, Virtaranta 1967, Barancev 1978, Pahomov 2017, Sarhimaa 2017, Palander et al. 2018",
195,Karelian (South Karelian),kare1335,traditional,Karelian_traditional_OGUL,"Nissilä 1967, Virtaranta 1967, Barancev 1978, Pahomov 2017, Sarhimaa 2017, Palander et al. 2018",
196,Karelian (Livvi Karelian),kare1335,traditional,Karelian_traditional_OGUL,"Nissilä 1967, Virtaranta 1967, Barancev 1978, Pahomov 2017, Sarhimaa 2017, Palander et al. 2018",
197,Karelian (South and Livvi Karelian),kare1335,traditional,Karelian_traditional_OGUL,"Nissilä 1967, Virtaranta 1967, Barancev 1978, Pahomov 2017, Sarhimaa 2017, Palander et al. 2018",
198,Karelian (South Karelian),kare1335,traditional,Karelian_traditional_OGUL,"Nissilä 1967, Virtaranta 1967, Barancev 1978, Pahomov 2017, Sarhimaa 2017, Palander et al. 2018",
199,Karelian (South Karelian),kare1335,traditional,Karelian_traditional_OGUL,"Nissilä 1967, Virtaranta 1967, Barancev 1978, Pahomov 2017, Sarhimaa 2017, Palander et al. 2018",
200,Karelian (South Karelian),kare1335,traditional,Karelian_traditional_OGUL,"Nissilä 1967, Virtaranta 1967, Barancev 1978, Pahomov 2017, Sarhimaa 2017, Palander et al. 2018",
201,Karelian (South Karelian),kare1335,traditional,Karelian_traditional_OGUL,"Nissilä 1967, Virtaranta 1967, Barancev 1978, Pahomov 2017, Sarhimaa 2017, Palander et al. 2018",
202,Karelian (South and Livvi Karelian),kare1335,traditional,Karelian_traditional_OGUL,"Nissilä 1967, Virtaranta 1967, Barancev 1978, Pahomov 2017, Sarhimaa 2017, Palander et al. 2018",
203,Karelian (South and Livvi Karelian),kare1335,traditional,Karelian_traditional_OGUL,"Nissilä 1967, Virtaranta 1967, Barancev 1978, Pahomov 2017, Sarhimaa 2017, Palander et al. 2018",
204,Karelian (Livvi Karelian),kare1335,traditional,Karelian_traditional_OGUL,"Nissilä 1967, Virtaranta 1967, Barancev 1978, Pahomov 2017, Sarhimaa 2017, Palander et al. 2018",
205,Karelian (Livvi Karelian),kare1335,traditional,Karelian_traditional_OGUL,"Nissilä 1967, Virtaranta 1967, Barancev 1978, Pahomov 2017, Sarhimaa 2017, Palander et al. 2018",
206,Karelian (Livvi Karelian),kare1335,traditional,Karelian_traditional_OGUL,"Nissilä 1967, Virtaranta 1967, Barancev 1978, Pahomov 2017, Sarhimaa 2017, Palander et al. 2018",
207,Karelian (Livvi Karelian),kare1335,traditional,Karelian_traditional_OGUL,"Nissilä 1967, Virtaranta 1967, Barancev 1978, Pahomov 2017, Sarhimaa 2017, Palander et al. 2018",
208,Karelian (Livvi Karelian),kare1335,traditional,Karelian_traditional_OGUL,"Nissilä 1967, Virtaranta 1967, Barancev 1978, Pahomov 2017, Sarhimaa 2017, Palander et al. 2018",
209,Karelian (Livvi Karelian),kare1335,traditional,Karelian_traditional_OGUL,"Nissilä 1967, Virtaranta 1967, Barancev 1978, Pahomov 2017, Sarhimaa 2017, Palander et al. 2018",
210,Karelian (Livvi Karelian),kare1335,traditional,Karelian_traditional_OGUL,"Nissilä 1967, Virtaranta 1967, Barancev 1978, Pahomov 2017, Sarhimaa 2017, Palander et al. 2018",
211,Karelian (Livvi Karelian),kare1335,traditional,Karelian_traditional_OGUL,"Nissilä 1967, Virtaranta 1967, Barancev 1978, Pahomov 2017, Sarhimaa 2017, Palander et al. 2018",
212,Karelian (Livvi Karelian),kare1335,traditional,Karelian_traditional_OGUL,"Nissilä 1967, Virtaranta 1967, Barancev 1978, Pahomov 2017, Sarhimaa 2017, Palander et al. 2018",
213,Karelian (South Karelian),kare1335,traditional,Karelian_traditional_OGUL,"Nissilä 1967, Virtaranta 1967, Barancev 1978, Pahomov 2017, Sarhimaa 2017, Palander et al. 2018",
214,Karelian (South Karelian),kare1335,traditional,Karelian_traditional_OGUL,"Nissilä 1967, Virtaranta 1967, Barancev 1978, Pahomov 2017, Sarhimaa 2017, Palander et al. 2018",
215,Karelian (Tver Karelian),kare1335,traditional,Karelian_traditional_OGUL,"Nissilä 1967, Virtaranta 1967, Barancev 1978, Pahomov 2017, Sarhimaa 2017, Palander et al. 2018",Karelian language enclave
216,Karelian (Tver Karelian),kare1335,traditional,Karelian_traditional_OGUL,"Nissilä 1967, Virtaranta 1967, Barancev 1978, Pahomov 2017, Sarhimaa 2017, Palander et al. 2018",Karelian language enclave
217,Karelian (Tver Karelian),kare1335,traditional,Karelian_traditional_OGUL,"Nissilä 1967, Virtaranta 1967, Barancev 1978, Pahomov 2017, Sarhimaa 2017, Palander et al. 2018",Karelian language enclave
218,Karelian (Tver Karelian),kare1335,traditional,Karelian_traditional_OGUL,"Nissilä 1967, Virtaranta 1967, Barancev 1978, Pahomov 2017, Sarhimaa 2017, Palander et al. 2018",Karelian language enclave
219,Karelian (Tver Karelian),kare1335,traditional,Karelian_traditional_OGUL,"Nissilä 1967, Virtaranta 1967, Barancev 1978, Pahomov 2017, Sarhimaa 2017, Palander et al. 2018",Karelian language enclave
220,Karelian (Tver Karelian),kare1335,traditional,Karelian_traditional_OGUL,"Nissilä 1967, Virtaranta 1967, Barancev 1978, Pahomov 2017, Sarhimaa 2017, Palander et al. 2018",Karelian language enclave
221,Karelian (Tver Karelian),kare1335,traditional,Karelian_traditional_OGUL,"Nissilä 1967, Virtaranta 1967, Barancev 1978, Pahomov 2017, Sarhimaa 2017, Palander et al. 2018",Karelian language enclave
222,Karelian (Tver Karelian),kare1335,traditional,Karelian_traditional_OGUL,"Nissilä 1967, Virtaranta 1967, Barancev 1978, Pahomov 2017, Sarhimaa 2017, Palander et al. 2018",Karelian language enclave
223,Hill Mari,kozy1238,traditional,HillMari_traditional_OGUL,"Ivanov 1981, Sepeev 1975",
224,Tundra Nenets,nene1249,traditional,TundraNenets_traditional_OGUL,"Verbov 1973, Soviet Census 1926, Svetlana Burkova (p.c.)",
225,South Estonian (Mulgi dialect),sout2679,traditional,SouthEstonian_traditional_OGUL,"Mets et al. 2014, Grünthal & Sarhimaa 2004/2012, Peeter Päll (p.c.)",
226,South Estonian (Tarto dialect),sout2679,traditional,SouthEstonian_traditional_OGUL,"Mets et al. 2014, Grünthal & Sarhimaa 2004/2012, Peeter Päll (p.c.)",
227,South Estonian (Võro dialect),sout2679,traditional,SouthEstonian_traditional_OGUL,"Mets et al. 2014, Grünthal & Sarhimaa 2004/2012, Peeter Päll (p.c.)",
228,South Estonian (Seto dialect),sout2679,traditional,SouthEstonian_traditional_OGUL,"Mets et al. 2014, Grünthal & Sarhimaa 2004/2012, Peeter Päll (p.c.)",
229,South Estonian (Võro),sout2679,traditional,SouthEstonian_traditional_OGUL,"Mets et al. 2014, Grünthal & Sarhimaa 2004/2012, Peeter Päll (p.c.)",Leivu
230,South Estonian (Võro),sout2679,traditional,SouthEstonian_traditional_OGUL,"Mets et al. 2014, Grünthal & Sarhimaa 2004/2012, Peeter Päll (p.c.)",Lutsi
231,South Estonian (Võro),sout2679,traditional,SouthEstonian_traditional_OGUL,"Mets et al. 2014, Grünthal & Sarhimaa 2004/2012, Peeter Päll (p.c.)",Lutsi
232,South Estonian (Seto),sout2679,traditional,SouthEstonian_traditional_OGUL,"Mets et al. 2014, Grünthal & Sarhimaa 2004/2012, Peeter Päll (p.c.)",Kraasna
233,South Estonian (Seto),sout2679,traditional,SouthEstonian_traditional_OGUL,"Mets et al. 2014, Grünthal & Sarhimaa 2004/2012, Peeter Päll (p.c.)",Kraasna
234,South Estonian (Võro),sout2679,traditional,SouthEstonian_traditional_OGUL,"Mets et al. 2014, Grünthal & Sarhimaa 2004/2012, Peeter Päll (p.c.)",Lutsi
235,South Estonian (Seto),sout2679,traditional,SouthEstonian_traditional_OGUL,"Mets et al. 2014, Grünthal & Sarhimaa 2004/2012, Peeter Päll (p.c.)",Kraasna
236,South Estonian (Võro),sout2679,traditional,SouthEstonian_traditional_OGUL,"Mets et al. 2014, Grünthal & Sarhimaa 2004/2012, Peeter Päll (p.c.)",Leivu
237,Komi-Permyak,komi1269,traditional,KomiPermyak_traditional_OGUL,"Lytkin 1962, Tepljašina & Lytkin 1976, Komi jazyk 1998",
238,Komi-Permyak,komi1269,traditional,KomiPermyak_traditional_OGUL,"Lytkin 1962, Tepljašina & Lytkin 1976, Komi jazyk 1998",
239,Komi-Permyak,komi1269,traditional,KomiPermyak_traditional_OGUL,"Lytkin 1962, Tepljašina & Lytkin 1976, Komi jazyk 1998",
240,Eastern Mari,east2328,traditional,EasternMari_traditional_OGUL,"Ivanov 1981, Sepeev 1975",
241,Eastern Mari,east2328,traditional,EasternMari_traditional_OGUL,"Ivanov 1981, Sepeev 1975",
242,Eastern Mari,east2328,traditional,EasternMari_traditional_OGUL,"Ivanov 1981, Sepeev 1975",
243,Eastern Mari,east2328,traditional,EasternMari_traditional_OGUL,"Ivanov 1981, Sepeev 1975",
244,Eastern Mari,east2328,traditional,EasternMari_traditional_OGUL,"Ivanov 1981, Sepeev 1975",
245,West and South Mansi,sout3253,traditional,WestSouthMansi_traditional_OGUL,"Zsirai 1937, Lytkin et al. 1976, Tamara Merova, Tat'jana Merova, Elena Skribnik & Ulla-Maija Forsberg (p.c.)",
246,West and South Mansi,sout3253,traditional,WestSouthMansi_traditional_OGUL,"Zsirai 1937, Lytkin et al. 1976, Tamara Merova, Tat'jana Merova, Elena Skribnik & Ulla-Maija Forsberg (p.c.)",
247,West and South Mansi,sout3253,traditional,WestSouthMansi_traditional_OGUL,"Zsirai 1937, Lytkin et al. 1976, Tamara Merova, Tat'jana Merova, Elena Skribnik & Ulla-Maija Forsberg (p.c.)",
248,West and South Mansi,sout3253,traditional,WestSouthMansi_traditional_OGUL,"Zsirai 1937, Lytkin et al. 1976, Tamara Merova, Tat'jana Merova, Elena Skribnik & Ulla-Maija Forsberg (p.c.)",
249,West and South Mansi,sout3253,traditional,WestSouthMansi_traditional_OGUL,"Zsirai 1937, Lytkin et al. 1976, Tamara Merova, Tat'jana Merova, Elena Skribnik & Ulla-Maija Forsberg (p.c.)",
250,West and South Mansi,sout3253,traditional,WestSouthMansi_traditional_OGUL,"Zsirai 1937, Lytkin et al. 1976, Tamara Merova, Tat'jana Merova, Elena Skribnik & Ulla-Maija Forsberg (p.c.)",
251,West and South Mansi,sout3253,traditional,WestSouthMansi_traditional_OGUL,"Zsirai 1937, Lytkin et al. 1976, Tamara Merova, Tat'jana Merova, Elena Skribnik & Ulla-Maija Forsberg (p.c.)",
252,East Khanty (Surgut Khanty),surg1248,traditional,EastKhanty_traditional_OGUL,"Zsirai 1937, Lytkin et al. 1976, Zsófia Schön (p.c.)",
253,East Khanty (Vakh-Vasyugan Khanty),fare1244,traditional,EastKhanty_traditional_OGUL,"Zsirai 1937, Lytkin et al. 1976, Zsófia Schön (p.c.)",
254,Pite Saami (Arves dialect),pite1240,traditional,PiteSaami_traditional_OGUL,"Sammallahti 1998: 21-22, Lehtiranta 1992, Omma 2019",
255,Pite Saami (Northern dialect),pite1240,traditional,PiteSaami_traditional_OGUL,"Sammallahti 1998: 21-22, Lehtiranta 1992, Omma 2019",
256,Pite Saami (Central dialect),pite1240,traditional,PiteSaami_traditional_OGUL,"Sammallahti 1998: 21-22, Lehtiranta 1992, Omma 2019",
257,Pite Saami (Southern dialect),pite1240,traditional,PiteSaami_traditional_OGUL,"Sammallahti 1998: 21-22, Lehtiranta 1992, Omma 2019",
258,Veps (Central Veps),veps1250,traditional,Veps_traditional_OGUL,"Tunkelo & Leskinen 1946, Grünthal 2011",
259,Veps (Northern Veps),veps1250,traditional,Veps_traditional_OGUL,"Tunkelo & Leskinen 1946, Grünthal 2011",
260,Veps (Central Veps),veps1250,traditional,Veps_traditional_OGUL,"Tunkelo & Leskinen 1946, Grünthal 2011",
261,Veps (Southern Veps),veps1250,traditional,Veps_traditional_OGUL,"Tunkelo & Leskinen 1946, Grünthal 2011",
262,Aanaar Saami,inar1241,traditional,AanaarSaami_traditional_OGUL,"Itkonen 1948: 246-250, 266-272, Nickul 1952, Aikio 2017, Taarna Valtonen (p.c.)",
263,East Mansi,east2879,traditional,EastMansi_traditional_OGUL,"Zsirai 1937, Lytkin et al. 1976, Tamara Merova, Tat'jana Merova, Elena Skribnik & Ulla-Maija Forsberg (p.c.)",
264,North Khanty (Obdorsk Khanty),obdo1234,traditional,NorthKhanty_traditional_OGUL,"Zsirai 1937, Lytkin et al. 1976, Mária Sipos (p.c.)",
265,North Khanty (Ob Khanty),khan1273,traditional,NorthKhanty_traditional_OGUL,"Zsirai 1937, Lytkin et al. 1976, Mária Sipos (p.c.)",
266,Moksha,moks1248,traditional,Moksha_traditional_OGUL,"Levina 2014, Feoktistov 1990, Feoktistov & Saarinen 2005",
267,Moksha,moks1248,traditional,Moksha_traditional_OGUL,"Levina 2014, Feoktistov 1990, Feoktistov & Saarinen 2005",
268,Moksha,moks1248,traditional,Moksha_traditional_OGUL,"Levina 2014, Feoktistov 1990, Feoktistov & Saarinen 2005",
269,Moksha,moks1248,traditional,Moksha_traditional_OGUL,"Levina 2014, Feoktistov 1990, Feoktistov & Saarinen 2005",
270,Moksha,moks1248,traditional,Moksha_traditional_OGUL,"Levina 2014, Feoktistov 1990, Feoktistov & Saarinen 2005",
271,Moksha,moks1248,traditional,Moksha_traditional_OGUL,"Levina 2014, Feoktistov 1990, Feoktistov & Saarinen 2005",
272,Moksha,moks1248,traditional,Moksha_traditional_OGUL,"Levina 2014, Feoktistov 1990, Feoktistov & Saarinen 2005",
273,Moksha,moks1248,traditional,Moksha_traditional_OGUL,"Levina 2014, Feoktistov 1990, Feoktistov & Saarinen 2005",
274,Moksha,moks1248,traditional,Moksha_traditional_OGUL,"Levina 2014, Feoktistov 1990, Feoktistov & Saarinen 2005",
275,Moksha,moks1248,traditional,Moksha_traditional_OGUL,"Levina 2014, Feoktistov 1990, Feoktistov & Saarinen 2005",
276,Moksha,moks1248,traditional,Moksha_traditional_OGUL,"Levina 2014, Feoktistov 1990, Feoktistov & Saarinen 2005",
277,Moksha,moks1248,traditional,Moksha_traditional_OGUL,"Levina 2014, Feoktistov 1990, Feoktistov & Saarinen 2005",
278,Moksha,moks1248,traditional,Moksha_traditional_OGUL,"Levina 2014, Feoktistov 1990, Feoktistov & Saarinen 2005",
279,Moksha,moks1248,traditional,Moksha_traditional_OGUL,"Levina 2014, Feoktistov 1990, Feoktistov & Saarinen 2005",
280,Moksha,moks1248,traditional,Moksha_traditional_OGUL,"Levina 2014, Feoktistov 1990, Feoktistov & Saarinen 2005",
281,Moksha,moks1248,traditional,Moksha_traditional_OGUL,"Levina 2014, Feoktistov 1990, Feoktistov & Saarinen 2005",
282,Moksha,moks1248,traditional,Moksha_traditional_OGUL,"Levina 2014, Feoktistov 1990, Feoktistov & Saarinen 2005",
283,Moksha,moks1248,traditional,Moksha_traditional_OGUL,"Levina 2014, Feoktistov 1990, Feoktistov & Saarinen 2005",
284,Moksha (Central Moksha),moks1248,traditional,Moksha_traditional_OGUL,"Levina 2014, Feoktistov 1990, Feoktistov & Saarinen 2005",
285,Moksha (South-Eastern Moksha),moks1248,traditional,Moksha_traditional_OGUL,"Levina 2014, Feoktistov 1990, Feoktistov & Saarinen 2005",
286,Moksha (Transitional Moksha),moks1248,traditional,Moksha_traditional_OGUL,"Levina 2014, Feoktistov 1990, Feoktistov & Saarinen 2005",
287,Moksha (Western Moksha),moks1248,traditional,Moksha_traditional_OGUL,"Levina 2014, Feoktistov 1990, Feoktistov & Saarinen 2005",
288,Moksha (Transitional Moksha),moks1248,traditional,Moksha_traditional_OGUL,"Levina 2014, Feoktistov 1990, Feoktistov & Saarinen 2005",
289,Erzya,erzy1239,traditional,Erzya_traditional_OGUL,"Ermuškin 1984, Feoktistov 1990",
290,Erzya,erzy1239,traditional,Erzya_traditional_OGUL,"Ermuškin 1984, Feoktistov 1990",
291,Erzya,erzy1239,traditional,Erzya_traditional_OGUL,"Ermuškin 1984, Feoktistov 1990",
292,Erzya,erzy1239,traditional,Erzya_traditional_OGUL,"Ermuškin 1984, Feoktistov 1990",
293,Erzya,erzy1239,traditional,Erzya_traditional_OGUL,"Ermuškin 1984, Feoktistov 1990",
294,Erzya,erzy1239,traditional,Erzya_traditional_OGUL,"Ermuškin 1984, Feoktistov 1990",
295,Erzya,erzy1239,traditional,Erzya_traditional_OGUL,"Ermuškin 1984, Feoktistov 1990",
296,Erzya,erzy1239,traditional,Erzya_traditional_OGUL,"Ermuškin 1984, Feoktistov 1990",
297,Erzya,erzy1239,traditional,Erzya_traditional_OGUL,"Ermuškin 1984, Feoktistov 1990",
298,Erzya,erzy1239,traditional,Erzya_traditional_OGUL,"Ermuškin 1984, Feoktistov 1990",
299,Erzya,erzy1239,traditional,Erzya_traditional_OGUL,"Ermuškin 1984, Feoktistov 1990",
300,Erzya,erzy1239,traditional,Erzya_traditional_OGUL,"Ermuškin 1984, Feoktistov 1990",
301,Erzya,erzy1239,traditional,Erzya_traditional_OGUL,"Ermuškin 1984, Feoktistov 1990",
302,Erzya,erzy1239,traditional,Erzya_traditional_OGUL,"Ermuškin 1984, Feoktistov 1990",
303,Erzya,erzy1239,traditional,Erzya_traditional_OGUL,"Ermuškin 1984, Feoktistov 1990",
304,Erzya,erzy1239,traditional,Erzya_traditional_OGUL,"Ermuškin 1984, Feoktistov 1990",
305,Erzya,erzy1239,traditional,Erzya_traditional_OGUL,"Ermuškin 1984, Feoktistov 1990",
306,Erzya,erzy1239,traditional,Erzya_traditional_OGUL,"Ermuškin 1984, Feoktistov 1990",
307,Erzya,erzy1239,traditional,Erzya_traditional_OGUL,"Ermuškin 1984, Feoktistov 1990",
308,Erzya,erzy1239,traditional,Erzya_traditional_OGUL,"Ermuškin 1984, Feoktistov 1990",
309,Erzya,erzy1239,traditional,Erzya_traditional_OGUL,"Ermuškin 1984, Feoktistov 1990",
310,Erzya,erzy1239,traditional,Erzya_traditional_OGUL,"Ermuškin 1984, Feoktistov 1990",
311,Erzya,erzy1239,traditional,Erzya_traditional_OGUL,"Ermuškin 1984, Feoktistov 1990",
312,Erzya,erzy1239,traditional,Erzya_traditional_OGUL,"Ermuškin 1984, Feoktistov 1990",
313,Erzya,erzy1239,traditional,Erzya_traditional_OGUL,"Ermuškin 1984, Feoktistov 1990",
314,Erzya,erzy1239,traditional,Erzya_traditional_OGUL,"Ermuškin 1984, Feoktistov 1990",
315,Erzya,erzy1239,traditional,Erzya_traditional_OGUL,"Ermuškin 1984, Feoktistov 1990",
316,Erzya,erzy1239,traditional,Erzya_traditional_OGUL,"Ermuškin 1984, Feoktistov 1990",
317,Erzya,erzy1239,traditional,Erzya_traditional_OGUL,"Ermuškin 1984, Feoktistov 1990",
318,Erzya,erzy1239,traditional,Erzya_traditional_OGUL,"Ermuškin 1984, Feoktistov 1990",
319,Erzya,erzy1239,traditional,Erzya_traditional_OGUL,"Ermuškin 1984, Feoktistov 1990",
320,Erzya,erzy1239,traditional,Erzya_traditional_OGUL,"Ermuškin 1984, Feoktistov 1990",
321,Erzya,erzy1239,traditional,Erzya_traditional_OGUL,"Ermuškin 1984, Feoktistov 1990",
322,Erzya,erzy1239,traditional,Erzya_traditional_OGUL,"Ermuškin 1984, Feoktistov 1990",
323,Erzya,erzy1239,traditional,Erzya_traditional_OGUL,"Ermuškin 1984, Feoktistov 1990",
324,Erzya,erzy1239,traditional,Erzya_traditional_OGUL,"Ermuškin 1984, Feoktistov 1990",
325,Erzya,erzy1239,traditional,Erzya_traditional_OGUL,"Ermuškin 1984, Feoktistov 1990",
326,Erzya,erzy1239,traditional,Erzya_traditional_OGUL,"Ermuškin 1984, Feoktistov 1990",
327,Erzya (Mixed Erzya),erzy1239,traditional,Erzya_traditional_OGUL,"Ermuškin 1984, Feoktistov 1990",Shoksha Erzya
328,Erzya (Mixed Erzya),erzy1239,traditional,Erzya_traditional_OGUL,"Ermuškin 1984, Feoktistov 1990",Shoksha Erzya
329,Erzya (North-Western Erzya),erzy1239,traditional,Erzya_traditional_OGUL,"Ermuškin 1984, Feoktistov 1990",Alatyr Erzya
330,Erzya (North-Western Erzya),erzy1239,traditional,Erzya_traditional_OGUL,"Ermuškin 1984, Feoktistov 1990",Alatyr Erzya
331,Erzya (North-Western Erzya),erzy1239,traditional,Erzya_traditional_OGUL,"Ermuškin 1984, Feoktistov 1990",Alatyr Erzya
332,Erzya (North-Western Erzya),erzy1239,traditional,Erzya_traditional_OGUL,"Ermuškin 1984, Feoktistov 1990",Alatyr Erzya
333,Erzya (North-Western Erzya),erzy1239,traditional,Erzya_traditional_OGUL,"Ermuškin 1984, Feoktistov 1990",Alatyr Erzya
334,Erzya (South-Eastern Erzya),erzy1239,traditional,Erzya_traditional_OGUL,"Ermuškin 1984, Feoktistov 1990",Sura Erzya
335,Erzya (South-Eastern Erzya),erzy1239,traditional,Erzya_traditional_OGUL,"Ermuškin 1984, Feoktistov 1990",Sura Erzya
336,Erzya (South-Eastern Erzya),erzy1239,traditional,Erzya_traditional_OGUL,"Ermuškin 1984, Feoktistov 1990",Sura Erzya
337,Erzya (Western Erzya),erzy1239,traditional,Erzya_traditional_OGUL,"Ermuškin 1984, Feoktistov 1990",Insar Erzya
338,Erzya (Central Erzya),erzy1239,traditional,Erzya_traditional_OGUL,"Ermuškin 1984, Feoktistov 1990",
339,Erzya (Western Erzya),erzy1239,traditional,Erzya_traditional_OGUL,"Ermuškin 1984, Feoktistov 1990",Insar Erzya
